id,url,state
1,/v2.0.0/mission_queue/1,Done
2,/v2.0.0/mission_queue/2,Aborted
3,/v2.0.0/mission_queue/3,Done
4,/v2.0.0/mission_queue/4,Aborted
5,/v2.0.0/mission_queue/5,Aborted
6,/v2.0.0/mission_queue/6,Aborted
7,/v2.0.0/mission_queue/7,Aborted
8,/v2.0.0/mission_queue/8,Aborted
9,/v2.0.0/mission_queue/9,Aborted
10,/v2.0.0/mission_queue/10,Aborted
11,/v2.0.0/mission_queue/11,Aborted
12,/v2.0.0/mission_queue/12,Aborted
13,/v2.0.0/mission_queue/13,Aborted
14,/v2.0.0/mission_queue/14,Aborted
15,/v2.0.0/mission_queue/15,Done
16,/v2.0.0/mission_queue/16,Done
17,/v2.0.0/mission_queue/17,Aborted
18,/v2.0.0/mission_queue/18,Done
19,/v2.0.0/mission_queue/19,Aborted
20,/v2.0.0/mission_queue/20,Aborted
21,/v2.0.0/mission_queue/21,Aborted
22,/v2.0.0/mission_queue/22,Done
23,/v2.0.0/mission_queue/23,Aborted
24,/v2.0.0/mission_queue/24,Done
25,/v2.0.0/mission_queue/25,Aborted
26,/v2.0.0/mission_queue/26,Aborted
27,/v2.0.0/mission_queue/27,Aborted
28,/v2.0.0/mission_queue/28,Aborted
29,/v2.0.0/mission_queue/29,Aborted
30,/v2.0.0/mission_queue/30,Aborted
31,/v2.0.0/mission_queue/31,Done
32,/v2.0.0/mission_queue/32,Aborted
33,/v2.0.0/mission_queue/33,Aborted
34,/v2.0.0/mission_queue/34,Done
35,/v2.0.0/mission_queue/35,Done
36,/v2.0.0/mission_queue/36,Done
37,/v2.0.0/mission_queue/37,Done
38,/v2.0.0/mission_queue/38,Aborted
39,/v2.0.0/mission_queue/39,Aborted
40,/v2.0.0/mission_queue/40,Aborted
41,/v2.0.0/mission_queue/41,Aborted
42,/v2.0.0/mission_queue/42,Aborted
43,/v2.0.0/mission_queue/43,Aborted
44,/v2.0.0/mission_queue/44,Done
45,/v2.0.0/mission_queue/45,Aborted
46,/v2.0.0/mission_queue/46,Aborted
47,/v2.0.0/mission_queue/47,Aborted
48,/v2.0.0/mission_queue/48,Aborted
49,/v2.0.0/mission_queue/49,Aborted
50,/v2.0.0/mission_queue/50,Aborted
51,/v2.0.0/mission_queue/51,Aborted
52,/v2.0.0/mission_queue/52,Aborted
53,/v2.0.0/mission_queue/53,Aborted
54,/v2.0.0/mission_queue/54,Aborted
55,/v2.0.0/mission_queue/55,Aborted
56,/v2.0.0/mission_queue/56,Done
57,/v2.0.0/mission_queue/57,Aborted
58,/v2.0.0/mission_queue/58,Aborted
59,/v2.0.0/mission_queue/59,Aborted
60,/v2.0.0/mission_queue/60,Aborted
61,/v2.0.0/mission_queue/61,Aborted
62,/v2.0.0/mission_queue/62,Aborted
63,/v2.0.0/mission_queue/63,Aborted
64,/v2.0.0/mission_queue/64,Aborted
65,/v2.0.0/mission_queue/65,Aborted
66,/v2.0.0/mission_queue/66,Aborted
67,/v2.0.0/mission_queue/67,Aborted
68,/v2.0.0/mission_queue/68,Done
69,/v2.0.0/mission_queue/69,Done
70,/v2.0.0/mission_queue/70,Done
71,/v2.0.0/mission_queue/71,Aborted
72,/v2.0.0/mission_queue/72,Aborted
73,/v2.0.0/mission_queue/73,Done
74,/v2.0.0/mission_queue/74,Aborted
75,/v2.0.0/mission_queue/75,Aborted
76,/v2.0.0/mission_queue/76,Executing
